Business Process Description,GRC Business Process ID,Sub Process Description,GRC Sub Process ID,Business Role,Intended Use,Long Description,Character count,BR Key Word Search
Plan and Manage Business,FI00,Adminstrative,ADMN,CLX_FINANCE DISPLAY,Display various finance SAP reports,Plan and Manage Business-Adminstrative-CLX_FINANCE DISPLAY-Display various finance SAP reports,94,FINANCE DISPLAY
Order to Cash,SD00,AR,AR00,CLX_O2C AR PROCESSING TEAM LEAD,"PSO: Ensure Supply: O2C: AR Corp. team leader with view and edit capabilities to common display transactions, GL document processing, outbound deliveries and sales orders.","Order to Cash-AR-CLX_O2C AR PROCESSING TEAM LEAD-PSO: Ensure Supply: O2C: AR Corp. team leader with view and edit capabilities to common display transactions, GL document processing, outbound deliveries and sales orders.",220,O2C AR PROCESSING TEAM LEAD
Order to Cash,SD00,AR,AR00,CLX_O2C AR REVENUE COORDINATOR,"PSO:Ensure Supply: O2C- Corp. Revenue coordinator with view to many common display transactions, GL document processing, Shipments and Billing documentation.","Order to Cash-AR-CLX_O2C AR REVENUE COORDINATOR-PSO:Ensure Supply: O2C- Corp. Revenue coordinator with view to many common display transactions, GL document processing, Shipments and Billing documentation.",205,O2C AR REVENUE COORDINATOR
Order to Cash,SD00,AR,AR00,CLX_O2C ARA DEDUCTION SPECIALIST,"Pso: Ensure Supply: O2C: Corp. AR deduction Specialist with view and edit access to many common display transactions, customer cash application and posting.","Order to Cash-AR-CLX_O2C ARA DEDUCTION SPECIALIST-Pso: Ensure Supply: O2C: Corp. AR deduction Specialist with view and edit access to many common display transactions, customer cash application and posting.",206,O2C ARA DEDUCTION SPECIALIST
Manage Information Technology,BS00,BASIS,,CLX_EDI INTEGRATION ADMINISTRATOR,Pending,Manage Information Technology-BASIS-CLX_EDI INTEGRATION ADMINISTRATOR-Pending,77,EDI INTEGRATION ADMINISTRATOR
Plan and Manage Business,FI00,Corporate Accounting,ACCT,CLX_CORPORATE ACCOUNTANT,Manage GL accounts including create/post journal entries and display SAP reports,Plan and Manage Business-Corporate Accounting-CLX_CORPORATE ACCOUNTANT-Manage GL accounts including create/post journal entries and display SAP reports,151,CORPORATE ACCOUNTANT
Plan and Manage Business,FI00,Corporate Accounting,ACCT,CLX_CORPORATE ACCOUNTING MANAGER,"Monitor, analyze accounting data and display SAP reports","Plan and Manage Business-Corporate Accounting-CLX_CORPORATE ACCOUNTING MANAGER-Monitor, analyze accounting data and display SAP reports",135,CORPORATE ACCOUNTING MANAGER
Plan and Manage Business,FI00,Corporate Accounting,ACCT,CLX_CORPORATE EBE ACCOUNTANT,"Handle EBE GL accounts including create, change, post journal entries,  and display SAP reports","Plan and Manage Business-Corporate Accounting-CLX_CORPORATE EBE ACCOUNTANT-Handle EBE GL accounts including create, change, post journal entries,  and display SAP reports",170,CORPORATE EBE ACCOUNTANT
Plan and Manage Business,FI00,Corporate Accounting,ACCT,CLX_CORPORATE EBE ACCOUNTING  MANAGER,"Monitor, analyze EBE accounting data and produce analysis reports","Plan and Manage Business-Corporate Accounting-CLX_CORPORATE EBE ACCOUNTING  MANAGER-Monitor, analyze EBE accounting data and produce analysis reports",149,CORPORATE EBE ACCOUNTING  MANAGER
Plan and Manage Business,FI00,Corporate Accounting,ACCT,CLX_CORPORATE REPORTING,"Analyze accounting data,display SAP reports and produce financial or accounting analysis reports","Plan and Manage Business-Corporate Accounting-CLX_CORPORATE REPORTING-Analyze accounting data,display SAP reports and produce financial or accounting analysis reports",166,CORPORATE REPORTING
Plan and Manage Business,FI00,Corporate Accounting,ACCT,CLX_FA ACCOUNTANT,"Handle fixed asset accounts including create, change, post journal entries, execute month end jobs and run GL analysis reports","Plan and Manage Business-Corporate Accounting-CLX_FA ACCOUNTANT-Handle fixed asset accounts including create, change, post journal entries, execute month end jobs and run GL analysis reports",190,FA ACCOUNTANT
Plan and Manage Business,FI00,Corporate Accounting,ACCT,CLX_FA MANAGER,"Manage and monitor fixed asset accounting including create, change, post journal entire, manage master data, IO, and execute FA close jobs","Plan and Manage Business-Corporate Accounting-CLX_FA MANAGER-Manage and monitor fixed asset accounting including create, change, post journal entire, manage master data, IO, and execute FA close jobs",199,FA MANAGER
Plan and Manage Business,FI00,Corporate Accounting,ACCT,CLX_MARKETING ACCOUNTANT,"Handle Marketing GL accounts including create, change, post journal entries, manage IO and execute month end jobs","Plan and Manage Business-Corporate Accounting-CLX_MARKETING ACCOUNTANT-Handle Marketing GL accounts including create, change, post journal entries, manage IO and execute month end jobs",184,MARKETING ACCOUNTANT
Plan and Manage Business,FI00,Corporate Accounting,ACCT,CLX_MARKETING ACCOUNTING MANAGER,"Manage market accounting including maintain master data, analyze GL data and produce analysis reports","Plan and Manage Business-Corporate Accounting-CLX_MARKETING ACCOUNTING MANAGER-Manage market accounting including maintain master data, analyze GL data and produce analysis reports",180,MARKETING ACCOUNTING MANAGER
Plan and Manage Business,FI00,Corporate Accounting,ACCT,CLX_SALES ACCOUNTANT,"Handle sales and rebate accounting GL accounts including create, change, post journal entries, change IO and display SAP reports","Plan and Manage Business-Corporate Accounting-CLX_SALES ACCOUNTANT-Handle sales and rebate accounting GL accounts including create, change, post journal entries, change IO and display SAP reports",195,SALES ACCOUNTANT
Plan and Manage Business,FI00,Corporate Accounting,ACCT,CLX_USOPS ACCOUNTANT,"Handle USOPs GL accounts including create, change, post journal entries, and run SAP analysis reports","Plan and Manage Business-Corporate Accounting-CLX_USOPS ACCOUNTANT-Handle USOPs GL accounts including create, change, post journal entries, and run SAP analysis reports",168,USOPS ACCOUNTANT
Plan and Manage Business,FI00,Corporate Accounting,ACCT,CLX_USOPS ACCOUNTING MANAGER,Manage USOPs accounting including analyze GL data and display SAP reports,Plan and Manage Business-Corporate Accounting-CLX_USOPS ACCOUNTING MANAGER-Manage USOPs accounting including analyze GL data and display SAP reports,148,USOPS ACCOUNTING MANAGER
Ensure Supply,MM00,Corporate Engineering,CPEG,CLX_EHS SPECIALIST,"PSO:Ensure Supply: EHS Clorox specialist that accesses SAP to view common display items and reports in areas of GSS, Planning, Production, Finance, Internal Orders, MD Maintenance, Goods Receipts and hazardous material identification.","Ensure Supply-Corporate Engineering-CLX_EHS SPECIALIST-PSO:Ensure Supply: EHS Clorox specialist that accesses SAP to view common display items and reports in areas of GSS, Planning, Production, Finance, Internal Orders, MD Maintenance, Goods Receipts and hazardous material identification.",289,EHS SPECIALIST
Ensure Supply,MM00,Corporate Engineering,CPEG,CLX_PROJECT ENGINEER,Pending,Ensure Supply-Corporate Engineering-CLX_PROJECT ENGINEER-Pending,64,PROJECT ENGINEER
Plan and Manage Business,FI00,Cost,Cost,CLX_CATEGORY COST ANALYST,"Manage inventory/COGS GL activity including create and post journal entries, maintain product costing and cost centers, and display SAP reports","Plan and Manage Business-Cost-CLX_CATEGORY COST ANALYST-Manage inventory/COGS GL activity including create and post journal entries, maintain product costing and cost centers, and display SAP reports",199,CATEGORY COST ANALYST
Plan and Manage Business,FI00,Cost,Cost,CLX_CATEGORY COST MANAGER,"Manage inventory/COGS GL activity including maintain product costing and cost centers, and display SAP reports","Plan and Manage Business-Cost-CLX_CATEGORY COST MANAGER-Manage inventory/COGS GL activity including maintain product costing and cost centers, and display SAP reports",166,CATEGORY COST MANAGER
Plan and Manage Business,FI00,Cost,Cost,CLX_ESSBASE DATABASE ADMIN,"Maintain Essbase database, cost centers, and display SAP reports","Plan and Manage Business-Cost-CLX_ESSBASE DATABASE ADMIN-Maintain Essbase database, cost centers, and display SAP reports",121,ESSBASE DATABASE ADMIN
Plan and Manage Business,FI00,Cost,Cost,CLX_INTERNAL CONTROL MANAGER,"Maintain master data for inventory count, create production order/confirmation and display Finance/ES SAP Reports","Plan and Manage Business-Cost-CLX_INTERNAL CONTROL MANAGER-Maintain master data for inventory count, create production order/confirmation and display Finance/ES SAP Reports",172,INTERNAL CONTROL MANAGER
Plan and Manage Business,FI00,Cost,Cost,CLX_INTERNAL INVENTORY MANAGEMENT,Maintain master data for product costing and cost centers.  Create production order/confirmation and display Finance/ES SAP Reports,Plan and Manage Business-Cost-CLX_INTERNAL INVENTORY MANAGEMENT-Maintain master data for product costing and cost centers.  Create production order/confirmation and display Finance/ES SAP Reports,195,INTERNAL INVENTORY MANAGEMENT
Plan and Manage Business,FI00,Cost,Cost,CLX_LCOE ANALYST,"Create and post journal entries, request to create/close cost centers, and display SAP reports","Plan and Manage Business-Cost-CLX_LCOE ANALYST-Create and post journal entries, request to create/close cost centers, and display SAP reports",141,LCOE ANALYST
Plan and Manage Business,FI00,Cost,Cost,CLX_LCOE MANAGER,"Create and post journal entries, requestto create/close cost centers, upload logistic forecast and display SAP reports","Plan and Manage Business-Cost-CLX_LCOE MANAGER-Create and post journal entries, requestto create/close cost centers, upload logistic forecast and display SAP reports",165,LCOE MANAGER
Plan and Manage Business,FI00,Cost,Cost,CLX_MCOE ANALYST,"Create and post journal entries, create/close internal orders, and display SAP reports","Plan and Manage Business-Cost-CLX_MCOE ANALYST-Create and post journal entries, create/close internal orders, and display SAP reports",133,MCOE ANALYST
Plan and Manage Business,FI00,Cost,Cost,CLX_MCOE MANAGER,"Create and post journal entries, create/close internal orders, and display SAP reports","Plan and Manage Business-Cost-CLX_MCOE MANAGER-Create and post journal entries, create/close internal orders, and display SAP reports",133,MCOE MANAGER
Plan and Manage Business,FI00,Cost,Cost,CLX_PCOE ANALYST,"Manage product costing GL activity including create and post journal entries, maintain product costing and cost centers, and display SAP reports","Plan and Manage Business-Cost-CLX_PCOE ANALYST-Manage product costing GL activity including create and post journal entries, maintain product costing and cost centers, and display SAP reports",191,PCOE ANALYST
Plan and Manage Business,FI00,Cost,Cost,CLX_PCOE MANAGER,"Manage product costing GL activity including create and post journal entries, maintain product costing and cost centers, and display SAP reports","Plan and Manage Business-Cost-CLX_PCOE MANAGER-Manage product costing GL activity including create and post journal entries, maintain product costing and cost centers, and display SAP reports",191,PCOE MANAGER
Plan and Manage Business,FI00,Credit,CRED,CLX_CREDIT ANALYST,"Maintain master data of credit and customers, process invoices and billing in SAP, post journal entriess and display SAP reports","Plan and Manage Business-Credit-CLX_CREDIT ANALYST-Maintain master data of credit and customers, process invoices and billing in SAP, post journal entriess and display SAP reports",179,CREDIT ANALYST
Order to Cash,SD00,External Contractors,NCLX,CLX_CROSSMARK BROKER,Pending,Order to Cash-External Contractors-CLX_CROSSMARK BROKER-Pending,63,CROSSMARK BROKER
Plan and Manage Business,FI00,FP&A,FP&A,CLX_CFP ANALYST,"Post PA/PCA entry, display various SAP reports","Plan and Manage Business-FP&A-CLX_CFP ANALYST-Post PA/PCA entry, display various SAP reports",92,CFP ANALYST
Plan and Manage Business,FI00,FP&A,FP&A,CLX_CFP MANAGER,Display various finance SAP reports,Plan and Manage Business-FP&A-CLX_CFP MANAGER-Display various finance SAP reports,81,CFP MANAGER
Plan and Manage Business,FI00,FP&A,FP&A,CLX_FORECAST ANALYST,"Manage Demand Creation GL accounts including create/post journal entries, manage internal orders and display SAP reports","Plan and Manage Business-FP&A-CLX_FORECAST ANALYST-Manage Demand Creation GL accounts including create/post journal entries, manage internal orders and display SAP reports",171,FORECAST ANALYST
Plan and Manage Business,FI00,FP&A,FP&A,CLX_FORECAST MANAGER, Display various SAP reports and ran finance planning and forecast analysis reports,Plan and Manage Business-FP&A-CLX_FORECAST MANAGER- Display various SAP reports and ran finance planning and forecast analysis reports,134,FORECAST MANAGER
Plan and Manage Business,FI00,FP&A,FP&A,CLX_FUNCTIONAL PLANNING ANALYST,"Manage Admin GL accounts including posting journal entries, internal orders and cost centers, and display SAP reports","Plan and Manage Business-FP&A-CLX_FUNCTIONAL PLANNING ANALYST-Manage Admin GL accounts including posting journal entries, internal orders and cost centers, and display SAP reports",179,FUNCTIONAL PLANNING ANALYST
Plan and Manage Business,FI00,FP&A,FP&A,CLX_FUNCTIONAL PLANNING MANAGER,"Manage internal orders and cost centers, and display SAP reports","Plan and Manage Business-FP&A-CLX_FUNCTIONAL PLANNING MANAGER-Manage internal orders and cost centers, and display SAP reports",126,FUNCTIONAL PLANNING MANAGER
Plan and Manage Business,FI00,FP&A,FP&A,CLX_P&A ANALYST,Display various finance SAP reports for domestic finance planning and analysis,Plan and Manage Business-FP&A-CLX_P&A ANALYST-Display various finance SAP reports for domestic finance planning and analysis,124,P&A ANALYST
Ensure Supply,MM00,GEMS,GEMS,CLX_GEMS (NONCLX),PSO: Ensure Supply: ME: Global External Mfg. supplier that uses SAP access to our system to execute transactions,Ensure Supply-GEMS-CLX_GEMS (NONCLX)-PSO: Ensure Supply: ME: Global External Mfg. supplier that uses SAP access to our system to execute transactions,149,GEMS (NONCLX)
Ensure Supply,MM00,GEMS,GEMS,CLX_GEMS Manager,"PSO:Ensure Supply: ME: Global External Mfg. Clorox Manager that uses SAP access to our system to execute transactions, review inventory, reports, purchase orders, production planning visibility, material availability, shipping status, invoicing, and BOM's","Ensure Supply-GEMS-CLX_GEMS Manager-PSO:Ensure Supply: ME: Global External Mfg. Clorox Manager that uses SAP access to our system to execute transactions, review inventory, reports, purchase orders, production planning visibility, material availability, shipping status, invoicing, and BOM's",291,GEMS MANAGER
Ensure Supply,MM00,GEMS,GEMS,CLX_GEMS SUPPORT,"PSO: Ensure Supply: ME: Global External Mfg. Clorox Analytical support that uses SAP access to our system to execute transactions, review inventory, reports, purchase orders, production planning visibility, material availability, shipping status, invoicing, and BOM's","Ensure Supply-GEMS-CLX_GEMS SUPPORT-PSO: Ensure Supply: ME: Global External Mfg. Clorox Analytical support that uses SAP access to our system to execute transactions, review inventory, reports, purchase orders, production planning visibility, material availability, shipping status, invoicing, and BOM's",303,GEMS SUPPORT
Ensure Supply,MM00,GSS Sourcing,GSS),CLX_GSS COE MGR,"PSO: GSS: COE Manager with common display view to transactions associate with AP, AR, GL, Material masters, EHS, PM, Purchasing, WM, Sales, Contract maintenance, tables and reports","Ensure Supply-GSS Sourcing-CLX_GSS COE MGR-PSO: GSS: COE Manager with common display view to transactions associate with AP, AR, GL, Material masters, EHS, PM, Purchasing, WM, Sales, Contract maintenance, tables and reports",223,GSS COE MGR
Ensure Supply,MM00,GSS Sourcing,GSS),CLX_GSS MRO-CAPITAL,"PSO: GSS: Corp. MRO parts and Capital sourcing with view and edit to common display transactions related to AP, Inventory, materials, PM, Procurement, Contract maintenance and PO maintenance.","Ensure Supply-GSS Sourcing-CLX_GSS MRO-CAPITAL-PSO: GSS: Corp. MRO parts and Capital sourcing with view and edit to common display transactions related to AP, Inventory, materials, PM, Procurement, Contract maintenance and PO maintenance.",238,GSS MRO-CAPITAL
Ensure Supply,MM00,GSS Sourcing,GSS),CLX_GSS SOURCING,"PSO: GSS: Corp. Sourcing Manager with common display view for transactions in AP, Finance, GL, EHS, Inventory, materials, PM, Procurement, Purchasing, Contract maintenance and reports.","Ensure Supply-GSS Sourcing-CLX_GSS SOURCING-PSO: GSS: Corp. Sourcing Manager with common display view for transactions in AP, Finance, GL, EHS, Inventory, materials, PM, Procurement, Purchasing, Contract maintenance and reports.",228,GSS SOURCING
HR and Payroll,HR00,HR and Payroll,HR00,CLX_HR PAYROLL ANALYST,Pending,HR and Payroll-HR and Payroll-CLX_HR PAYROLL ANALYST-Pending,60,HR PAYROLL ANALYST
HR and Payroll,HR00,HR and Payroll,HR00,CLX_HR PAYROLL MANAGER,Pending,HR and Payroll-HR and Payroll-CLX_HR PAYROLL MANAGER-Pending,60,HR PAYROLL MANAGER
HR and Payroll,HR00,HR and Payroll,HR00,CLX_HR SAP BASIC,Pending,HR and Payroll-HR and Payroll-CLX_HR SAP BASIC-Pending,54,HR SAP BASIC
Plan and Manage Business,FI00,International Accounting,INAC,CLX_INTERNATIONAL ACCOUNTANT,Manage international GL accounts including create/post journal entries and display SAP reports,Plan and Manage Business-International Accounting-CLX_INTERNATIONAL ACCOUNTANT-Manage international GL accounts including create/post journal entries and display SAP reports,173,INTERNATIONAL ACCOUNTANT
Plan and Manage Business,FI00,International Accounting,INAC,CLX_INTERNATIONAL ACCOUNTING MANAGER,Display various finance SAP reports for international GL analysis,Plan and Manage Business-International Accounting-CLX_INTERNATIONAL ACCOUNTING MANAGER-Display various finance SAP reports for international GL analysis,152,INTERNATIONAL ACCOUNTING MANAGER
Plan and Manage Business,FI00,International Finance,INFI,CLX_INTERNATIONAL FINANCE MANAGER,Display various finance SAP reports for international finance and forecast analysis,Plan and Manage Business-International Finance-CLX_INTERNATIONAL FINANCE MANAGER-Display various finance SAP reports for international finance and forecast analysis,164,INTERNATIONAL FINANCE MANAGER
Plan and Manage Business,FI00,International Procurement,INPR,CLX_INTERNATIONAL PROCUREMENT MANAGER,"Create and release international PO/PR, process international sales invoices, maintain material/shipment master data,  and run SAP display reports","Plan and Manage Business-International Procurement-CLX_INTERNATIONAL PROCUREMENT MANAGER-Create and release international PO/PR, process international sales invoices, maintain material/shipment master data,  and run SAP display reports",235,INTERNATIONAL PROCUREMENT MANAGER
Plan and Manage Business,FI00,International Procurement,INPR,CLX_INTERNATIONAL PROCUREMENT SPECIALIST,"Create and release international PO/PR, process international sales invoices, maintain material/shipment master data,  and run SAP display reports","Plan and Manage Business-International Procurement-CLX_INTERNATIONAL PROCUREMENT SPECIALIST-Create and release international PO/PR, process international sales invoices, maintain material/shipment master data,  and run SAP display reports",238,INTERNATIONAL PROCUREMENT SPECIALIST
Manage Information Technology,BS00,IT and Basis,BASI,CLX_APO SUPPORT,Pending,Manage Information Technology-BASI-CLX_APO SUPPORT-Pending,58,APO SUPPORT
Plan & Manage Business,FI00,LARCC,LARC,CLX_FI BASIC DISPLAYER,Pending,Plan & Manage Business-LARCC-CLX_FI BASIC DISPLAYER-Pending,59,FI BASIC DISPLAYER
Plan & Manage Business,FI00,LARCC,LARC,CLX_RISK_MANAGEMENT_DISPLAY,Pending,Plan & Manage Business-LARCC-CLX_RISK_MANAGEMENT_DISPLAY-Pending,64,RISK
Plan & Manage Business,FI00,LARCC,LARC,CLX_RISK_MANAGEMENT_POSTING,Pending,Plan & Manage Business-LARCC-CLX_RISK_MANAGEMENT_POSTING-Pending,64,RISK
Order to Cash,SD00,Logistics,LARC,CLX_O2C LOGISTICS CONTROLLER,PSO: Ensure Supply: O2C- Corp. Logistics Controller with view and edit to common display transaction.,Order to Cash-Logistics-CLX_O2C LOGISTICS CONTROLLER-PSO: Ensure Supply: O2C- Corp. Logistics Controller with view and edit to common display transaction.,154,O2C LOGISTICS CONTROLLER
Ensure Supply,MM00,Manufacturing,MANU,CLX_PLANT ACCOUNTANT CONTROLLER,"PSO: Ensure Supply: Plant Finance and Accounting CLX role to view and transact in SAP in areas of inventory postings and adjustments, material cycle counting, month end closing reporting, purchasing reconciliation, production planning and confirmation reports","Ensure Supply-Manufacturing-CLX_PLANT ACCOUNTANT CONTROLLER-PSO: Ensure Supply: Plant Finance and Accounting CLX role to view and transact in SAP in areas of inventory postings and adjustments, material cycle counting, month end closing reporting, purchasing reconciliation, production planning and confirmation reports",319,PLANT ACCOUNTANT CONTROLLER
Ensure Supply,MM00,Manufacturing,MANU,CLX_PLANT ENGINEER,"PSO: Ensure Supply: Local Plant Engineer CLX who has common display and reporting visibility for PM notifications, execution, MRO PO release and approval, assets and AP reports","Ensure Supply-Manufacturing-CLX_PLANT ENGINEER-PSO: Ensure Supply: Local Plant Engineer CLX who has common display and reporting visibility for PM notifications, execution, MRO PO release and approval, assets and AP reports",223,PLANT ENGINEER
Ensure Supply,MM00,Manufacturing,MANU,CLX_PLANT INVENTORY MANAGEMENT,"PSO:Ensure Supply: Local Plant CLX coordinators of R/Pk/WIP inventory posting of cycle counts and adjustments, goods movements, transfer postings.  Usually someone in Plt. Acct. group.","Ensure Supply-Manufacturing-CLX_PLANT INVENTORY MANAGEMENT-PSO:Ensure Supply: Local Plant CLX coordinators of R/Pk/WIP inventory posting of cycle counts and adjustments, goods movements, transfer postings.  Usually someone in Plt. Acct. group.",243,PLANT INVENTORY MANAGEMENT
Ensure Supply,MM00,Manufacturing,MANU,CLX_PLANT LOCAL MASTER DATA MAINTAINER,"PSO: Ensure Supply: CLX local master data maintainer who has access to local master data visibility, set up, BOM maintenance, Inventory control, routing and production version control","Ensure Supply-Manufacturing-CLX_PLANT LOCAL MASTER DATA MAINTAINER-PSO: Ensure Supply: CLX local master data maintainer who has access to local master data visibility, set up, BOM maintenance, Inventory control, routing and production version control",250,PLANT LOCAL MASTER DATA MAINTAINER
Ensure Supply,MM00,Manufacturing,MANU,CLX_PLANT MAINTENANCE EXECUTION,"PSO:Ensure Supply: Local Plant CLX Maintenance Personnel who need access to SAP for PM notifications, work order maintenance, Order confirmations, Purchase requisitions.  Common display access to view materials, production orders and reports","Ensure Supply-Manufacturing-CLX_PLANT MAINTENANCE EXECUTION-PSO:Ensure Supply: Local Plant CLX Maintenance Personnel who need access to SAP for PM notifications, work order maintenance, Order confirmations, Purchase requisitions.  Common display access to view materials, production orders and reports",301,PLANT MAINTENANCE EXECUTION
Ensure Supply,MM00,Manufacturing,MANU,CLX_PLANT MAINTENANCE MANAGEMENT,"PSO: Ensure Supply: Local Plant Maintenance Team Leader and Managers who access SAP to view common display transactions and reports in materials, procurement, PM creations, maintenance, PO release, AP ","Ensure Supply-Manufacturing-CLX_PLANT MAINTENANCE MANAGEMENT-PSO: Ensure Supply: Local Plant Maintenance Team Leader and Managers who access SAP to view common display transactions and reports in materials, procurement, PM creations, maintenance, PO release, AP ",262,PLANT MAINTENANCE MANAGEMENT
Ensure Supply,MM00,Manufacturing,MANU,CLX_PLANT MAINTENANCE MD MAINTAINER,"PSO: Ensure Supply: Local CLX Plant Maintenance MD maintainers for MRO, PM, Maintenance Capacity planning, Work order creation and confirmation.","Ensure Supply-Manufacturing-CLX_PLANT MAINTENANCE MD MAINTAINER-PSO: Ensure Supply: Local CLX Plant Maintenance MD maintainers for MRO, PM, Maintenance Capacity planning, Work order creation and confirmation.",208,PLANT MAINTENANCE MD MAINTAINER
Ensure Supply,MM00,Manufacturing,MANU,CLX_PLANT MAINTENANCE PLANNING,"PSO: Ensure Supply: Local CLX Plant Maintenance Planner responsible for scheduling PM's, Creating work orders, view  Inventory of MRO parts, ability to perform Goods Receipt, Display common transactions and reports in SAP. ","Ensure Supply-Manufacturing-CLX_PLANT MAINTENANCE PLANNING-PSO: Ensure Supply: Local CLX Plant Maintenance Planner responsible for scheduling PM's, Creating work orders, view  Inventory of MRO parts, ability to perform Goods Receipt, Display common transactions and reports in SAP. ",282,PLANT MAINTENANCE PLANNING
Ensure Supply,MM00,Manufacturing,MANU,CLX_PLANT MATERIAL COORDINATOR,"PSO: Ensure Supply CLX Local Plant Material Coordinator  reviews common display items in SAP, responsible for coordinating inventory counts, batch record maintenance, Goods Issue, Receipts and Movements, Emptyware management, Quality Notifications, and general view of various reports in SAP","Ensure Supply-Manufacturing-CLX_PLANT MATERIAL COORDINATOR-PSO: Ensure Supply CLX Local Plant Material Coordinator  reviews common display items in SAP, responsible for coordinating inventory counts, batch record maintenance, Goods Issue, Receipts and Movements, Emptyware management, Quality Notifications, and general view of various reports in SAP",350,PLANT MATERIAL COORDINATOR
Ensure Supply,MM00,Manufacturing,MANU,CLX_PLANT OPERATIONS MANAGER,"PSO: Ensure Supply: Local CLX Plant Operations Manager views common display and reports in SAP, View quality notifications and various other display transactions.","Ensure Supply-Manufacturing-CLX_PLANT OPERATIONS MANAGER-PSO: Ensure Supply: Local CLX Plant Operations Manager views common display and reports in SAP, View quality notifications and various other display transactions.",219,PLANT OPERATIONS MANAGER
Ensure Supply,MM00,Manufacturing,MANU,CLX_PLANT PARTS MANAGEMENT,"PSO: Ensure Supply: MRO Parts Coordinator has access to various common display transactions and reports, view PM notifications and orders, Purchase order maintenance for MRO, Quality notification maintenance and PO maintenance.","Ensure Supply-Manufacturing-CLX_PLANT PARTS MANAGEMENT-PSO: Ensure Supply: MRO Parts Coordinator has access to various common display transactions and reports, view PM notifications and orders, Purchase order maintenance for MRO, Quality notification maintenance and PO maintenance.",282,PLANT PARTS MANAGEMENT
Ensure Supply,MM00,Manufacturing,MANU,CLX_PLANT PROCESS OPERATOR,"PSO: Ensure Supply: Local CLX Plant Process Operators can view various common display transactions, PM Notifcations and order maintenance, view and confirm production orders in SAP","Ensure Supply-Manufacturing-CLX_PLANT PROCESS OPERATOR-PSO: Ensure Supply: Local CLX Plant Process Operators can view various common display transactions, PM Notifcations and order maintenance, view and confirm production orders in SAP",235,PLANT PROCESS OPERATOR
Ensure Supply,MM00,Manufacturing,MANU,CLX_PLANT PRODUCTION EXECUTION,"PSO: Ensure Supply: Local CLX production operators can view common transactions and reports in SAP, Can confirm production orders, view batch records, create notifications for PM, report goods movements, PO requisition, Quality notifcations in SAP.","Ensure Supply-Manufacturing-CLX_PLANT PRODUCTION EXECUTION-PSO: Ensure Supply: Local CLX production operators can view common transactions and reports in SAP, Can confirm production orders, view batch records, create notifications for PM, report goods movements, PO requisition, Quality notifcations in SAP.",307,PLANT PRODUCTION EXECUTION
Ensure Supply,MM00,Manufacturing,MANU,CLX_PLANT PRODUCTION EXECUTION TEAM LEAD,"PSO: Ensure Supply: Local CLX Plant Production and Process Team Lead has access to view common display transactions, Create PM notifications and work orders, confirms production, view batch records, quality notifications, purchase requisitions and make goods movements.","Ensure Supply-Manufacturing-CLX_PLANT PRODUCTION EXECUTION TEAM LEAD-PSO: Ensure Supply: Local CLX Plant Production and Process Team Lead has access to view common display transactions, Create PM notifications and work orders, confirms production, view batch records, quality notifications, purchase requisitions and make goods movements.",338,PLANT PRODUCTION EXECUTION TEAM LEAD
Ensure Supply,MM00,Manufacturing,MANU,CLX_PLANT PRODUCTION SCHEDULER,"PSO: Ensure Supply: Local CLX Plant Production Scheduler with access to view common display transactions for materials, inventory, procurement.  Also ability to execute transactions for Production Order Maintenance, capacity planning, goods receipts, and plant level master data. ","Ensure Supply-Manufacturing-CLX_PLANT PRODUCTION SCHEDULER-PSO: Ensure Supply: Local CLX Plant Production Scheduler with access to view common display transactions for materials, inventory, procurement.  Also ability to execute transactions for Production Order Maintenance, capacity planning, goods receipts, and plant level master data. ",339,PLANT PRODUCTION SCHEDULER
Ensure Supply,MM00,Manufacturing,MANU,CLX_PLANT QUALITY MANAGEMENT,"PSO: Ensure Supply: Local CLX Plant Quality Management with common display access to view materials, production orders, purchase orders.  Ability to create and manage quality notifications and goods movements.","Ensure Supply-Manufacturing-CLX_PLANT QUALITY MANAGEMENT-PSO: Ensure Supply: Local CLX Plant Quality Management with common display access to view materials, production orders, purchase orders.  Ability to create and manage quality notifications and goods movements.",266,PLANT QUALITY MANAGEMENT
Ensure Supply,MM00,Manufacturing,MANU,CLX_PLANT SITE MANAGER,PSO: Ensure Supply: Local CLX Plant Site Manager with ability to view common display transactions and reports,Ensure Supply-Manufacturing-CLX_PLANT SITE MANAGER-PSO: Ensure Supply: Local CLX Plant Site Manager with ability to view common display transactions and reports,160,PLANT SITE MANAGER
Plan & Manage Business,FI00,Marketing,MARK,CLX_MARKETING DISPLAY,Have access to display SAP reports for marketing team,Plan & Manage Business-Marketing-CLX_MARKETING DISPLAY-Have access to display SAP reports for marketing team,108,MARKETING DISPLAY
Manage Information Technology,BS00,Master Data,MD00,CLX_EDM GLOBAL TEAM,Pending,Manage Information Technology-Master Data-CLX_EDM GLOBAL TEAM-Pending,69,EDM GLOBAL TEAM
Manage Information Technology,BS00,Master Data,MD00,CLX_EDM MDM CONTRACTORS,Pending,Manage Information Technology-Master Data-CLX_EDM MDM CONTRACTORS-Pending,73,EDM MDM CONTRACTORS
Order to Cash,SD00,Operations,MD00,CLX_O2C OPERATIONS DISPLAY,"PSO: Ensure Supply: O2C: Operations display view to common transactions related to AR, AP, GL, Idocs, tables, inventory, materials, production planning, procurement, and sales.","Order to Cash-Operations-CLX_O2C OPERATIONS DISPLAY-PSO: Ensure Supply: O2C: Operations display view to common transactions related to AR, AP, GL, Idocs, tables, inventory, materials, production planning, procurement, and sales.",228,O2C OPERATIONS DISPLAY
Order to Cash,SD00,Order Processing,ORDP,CLX_O2C ORDER PROCESSING,"PSO: Ensure Supply: O2C: Order Mgmt Specialist transactions related to Sales common display and order maintenance, shipping common display, outbound delivery and shipping maintenance, Warehouse mgmt common display, PM common display, Material Mgmt. common display, Inventory common display, tables, and production planning common display.","Order to Cash-Order Processing-CLX_O2C ORDER PROCESSING-PSO: Ensure Supply: O2C: Order Mgmt Specialist transactions related to Sales common display and order maintenance, shipping common display, outbound delivery and shipping maintenance, Warehouse mgmt common display, PM common display, Material Mgmt. common display, Inventory common display, tables, and production planning common display.",394,O2C ORDER PROCESSING
Order to Cash,SD00,Order Processing,ORDP,CLX_O2C ORDER PROCESSING EXPORT,"PSO: Ensure Supply: O2C: Order Mgmt Specialist EXPORT- transactions related to Sales common display and order maintenance, outbound delivery and shipping maintenance including Export,  PM common display, Material Mgmt. common display, production planning common display, and AR common display.","Order to Cash-Order Processing-CLX_O2C ORDER PROCESSING EXPORT-PSO: Ensure Supply: O2C: Order Mgmt Specialist EXPORT- transactions related to Sales common display and order maintenance, outbound delivery and shipping maintenance including Export,  PM common display, Material Mgmt. common display, production planning common display, and AR common display.",356,O2C ORDER PROCESSING EXPORT
Order to Cash,SD00,Order Processing,ORDP,CLX_O2C ORDER PROCESSING SU,"PSO: Ensure Supply: O2C: Order Mgmt Specialist Super User-transactions related to Sales common display and order maintenance including some restricted transactions for shipping maint, outbound delivery and shipping maintenance, Warehouse mgmt common display, PM common display, Material Mgmt. common display, Inventory common display, tables, and production planning common display, purchasing common display, and AR common display.","Order to Cash-Order Processing-CLX_O2C ORDER PROCESSING SU-PSO: Ensure Supply: O2C: Order Mgmt Specialist Super User-transactions related to Sales common display and order maintenance including some restricted transactions for shipping maint, outbound delivery and shipping maintenance, Warehouse mgmt common display, PM common display, Material Mgmt. common display, Inventory common display, tables, and production planning common display, purchasing common display, and AR common display.",491,O2C ORDER PROCESSING SU
Order to Cash,SD00,Order Processing,ORDP,CLX_O2C REPORTING & TABLE UPDATES SU,"PSO: Ensure Supply: O2C: Reporting and Table Update Super User-transactions related to Sales common display and order maintenance including some restricted transactions for shipping maint, outbound delivery and shipping maintenance, Warehouse mgmt common display, PM common display, Material Mgmt. common display, Inventory common display, customer specific tables, and production planning common display, purchasing common display, org structure maint and AR common display, customer material record maint., and order sourcing maint.","Order to Cash-Order Processing-CLX_O2C REPORTING & TABLE UPDATES SU-PSO: Ensure Supply: O2C: Reporting and Table Update Super User-transactions related to Sales common display and order maintenance including some restricted transactions for shipping maint, outbound delivery and shipping maintenance, Warehouse mgmt common display, PM common display, Material Mgmt. common display, Inventory common display, customer specific tables, and production planning common display, purchasing common display, org structure maint and AR common display, customer material record maint., and order sourcing maint.",602,O2C REPORTING & TABLE UPDATES SU
Order to Cash,SD00,Order Processing,ORDP,CLX_ORD PROC TEAM LEAD LOG OPS SU,"PSO: Ensure Supply: O2C: Order Mgmt Specialist Team Lead and Logistics Super User-transactions related to Sales common display and order maintenance including some restricted transactions for shipping maint, outbound delivery and shipping maintenance, Warehouse mgmt common display, PM common display, Material Mgmt. common display, Inventory common display, customer specific tables, and production planning common display, purchasing common display, org structure maint and AR common display.","Order to Cash-Order Processing-CLX_ORD PROC TEAM LEAD LOG OPS SU-PSO: Ensure Supply: O2C: Order Mgmt Specialist Team Lead and Logistics Super User-transactions related to Sales common display and order maintenance including some restricted transactions for shipping maint, outbound delivery and shipping maintenance, Warehouse mgmt common display, PM common display, Material Mgmt. common display, Inventory common display, customer specific tables, and production planning common display, purchasing common display, org structure maint and AR common display.",559,ORD PROC TEAM LEAD LOG OPS SU
Order to Cash,SD00,Order Processing,ORDP,CLX_PLANT DOCK COORDINATOR,"PSO: Ensure Supply: Local Plant Dock Coordinator with view and edit of transactions in material goods receipts, transfer postings, Purchase order maintenance, Sales Order maintenance, Transfer Order maintenance, Shipping Maintenance and Outbound delivery maintenance","Order to Cash-Order Processing-CLX_PLANT DOCK COORDINATOR-PSO: Ensure Supply: Local Plant Dock Coordinator with view and edit of transactions in material goods receipts, transfer postings, Purchase order maintenance, Sales Order maintenance, Transfer Order maintenance, Shipping Maintenance and Outbound delivery maintenance",324,PLANT DOCK COORDINATOR
Manage Information Technology,BS00,BASIS,IT00,CLX_FICO SUPPORT,Pending,Manage Information Technology-BASIS-CLX_FICO SUPPORT-Pending,60,FICO SUPPORT
Manage Information Technology,BS00,BASIS,IT00,CLX_IT BUSINESS ANALYST,Pending,Manage Information Technology-BASIS-CLX_IT BUSINESS ANALYST-Pending,67,IT BUSINESS ANALYST
Manage Information Technology,BS00,BASIS,IT00,CLX_IT FINANCE ANALYST,Pending,Manage Information Technology-BASIS-CLX_IT FINANCE ANALYST-Pending,66,IT FINANCE ANALYST
Manage Information Technology,BS00,IT Support,IT00,CLX_O2C SUPPORT,Pending,Manage Information Technology-IT Support-CLX_O2C SUPPORT-Pending,64,O2C SUPPORT
Manage Information Technology,BS00,IT Support,IT00,CLX_S2P SUPPORT,Pending,Manage Information Technology-IT Support-CLX_S2P SUPPORT-Pending,64,S2P SUPPORT
Manage Information Technology,BS00,IT Support,IT00,CLX_SALES SUPPORT,Pending,Manage Information Technology-IT Support-CLX_SALES SUPPORT-Pending,66,SALES SUPPORT
Manage Information Technology,BS00,BASIS,IT00,CLX_SAP ABAP ADMINISTRATOR,Pending,Manage Information Technology-BASIS-CLX_SAP ABAP ADMINISTRATOR-Pending,70,SAP ABAP ADMINISTRATOR
Manage Information Technology,BS00,BASIS,IT00,CLX_SAP BI ADMINISTRATOR,Pending,Manage Information Technology-BASIS-CLX_SAP BI ADMINISTRATOR-Pending,68,SAP BI ADMINISTRATOR
Manage Information Technology,BS00,SAP Security,IT00,CLX_SAP SECURITY ADMINISTRATOR,Pending,Manage Information Technology-SAP Security-CLX_SAP SECURITY ADMINISTRATOR-Pending,81,SAP SECURITY ADMINISTRATOR
Manage Information Technology,BS00,SAP Security,IT00,CLX_SAP SYSTEM ADMINISTRATOR,Pending,Manage Information Technology-SAP Security-CLX_SAP SYSTEM ADMINISTRATOR-Pending,79,SAP SYSTEM ADMINISTRATOR
Manage Information Technology,BS00,IT Support,IT00,CLX_SCHEDULING SERVICES ADMIN,Pending,Manage Information Technology-IT Support-CLX_SCHEDULING SERVICES ADMIN-Pending,78,SCHEDULING SERVICES ADMIN
Manage Information Technology,BS00,IT Support,IT00,CLX_SERVICE DESK,Pending,Manage Information Technology-IT Support-CLX_SERVICE DESK-Pending,65,SERVICE DESK
Manage Information Technology,BS00,IT Support,IT00,CLX_SOLUTION DESIGNER,Pending,Manage Information Technology-IT Support-CLX_SOLUTION DESIGNER-Pending,70,SOLUTION DESIGNER
Procure to Pay,PR00,Procure to Pay,PR00,CLX_P2P FREIGHT ANALYST,Pending,Procure to Pay-Procure to Pay-CLX_P2P FREIGHT ANALYST-Pending,61,P2P FREIGHT ANALYST
Procure to Pay,PR00,Procure to Pay,PR01,CLX_P2P OPERATIONS MANAGER,Pending,Procure to Pay-Procure to Pay-CLX_P2P OPERATIONS MANAGER-Pending,64,P2P OPERATIONS MANAGER
Procure to Pay,PR00,Procure to Pay,PR00,CLX_P2P PAYABLES CORPORATE SUPPORT,Pending,Procure to Pay-Procure to Pay-CLX_P2P PAYABLES CORPORATE SUPPORT-Pending,72,P2P PAYABLES CORPORATE SUPPORT
Procure to Pay,PR00,Procure to Pay,PR00,CLX_P2P PAYABLES CORPORATE SUPPORT MANAGER,Pending,Procure to Pay-Procure to Pay-CLX_P2P PAYABLES CORPORATE SUPPORT MANAGER-Pending,80,P2P PAYABLES CORPORATE SUPPORT MANAGER
Procure to Pay,PR00,Procure to Pay,PR00,CLX_P2P PROCESSING ANALYST,Pending,Procure to Pay-Procure to Pay-CLX_P2P PROCESSING ANALYST-Pending,64,P2P PROCESSING ANALYST
Procure to Pay,PR00,Procure to Pay,PR00,CLX_P2P PROCSPEC SPECIALIST,Pending,Procure to Pay-Procure to Pay-CLX_P2P PROCSPEC SPECIALIST-Pending,65,P2P PROCSPEC SPECIALIST
Procure to Pay,PR00,Procure to Pay,PR00,CLX_P2P PROCUREMENT CORPORATE SUPPORT MANAGER,Pending,Procure to Pay-Procure to Pay-CLX_P2P PROCUREMENT CORPORATE SUPPORT MANAGER-Pending,83,P2P PROCUREMENT CORPORATE SUPPORT MANAGER
Procure to Pay,PR00,Procure to Pay,PR00,CLX_P2P PROCUREMENT OPS ANALYST,Pending,Procure to Pay-Procure to Pay-CLX_P2P PROCUREMENT OPS ANALYST-Pending,69,P2P PROCUREMENT OPS ANALYST
Procure to Pay,PR00,Procure to Pay,PR00,CLX_P2P PROCUREMENT SUPERVISOR,Pending,Procure to Pay-Procure to Pay-CLX_P2P PROCUREMENT SUPERVISOR-Pending,68,P2P PROCUREMENT SUPERVISOR
Procure to Pay,PR00,Procure to Pay,PR00,CLX_P2P REPORTING ANALYST,Pending,Procure to Pay-Procure to Pay-CLX_P2P REPORTING ANALYST-Pending,63,P2P REPORTING ANALYST
Procure to Pay,PR00,Procure to Pay,PR00,CLX_P2P SPECIALIZED PROCESSING,Pending,Procure to Pay-Procure to Pay-CLX_P2P SPECIALIZED PROCESSING-Pending,68,P2P SPECIALIZED PROCESSING
Procure to Pay,PR00,Procure to Pay,PR00,CLX_P2P VM SPECIALIST,Pending,Procure to Pay-Procure to Pay-CLX_P2P VM SPECIALIST-Pending,59,P2P VM SPECIALIST
Plan & Manage Business,FI00,Planning,PLAN,CLX_DEPLOYER,"PSO: Ensure Supply: F2S Corporate Deployment of FG's coordination with view and edit of common display transactions, view data tables, outbound deliveries and sales maintenance.","Plan & Manage Business-Planning-CLX_DEPLOYER-PSO: Ensure Supply: F2S Corporate Deployment of FG's coordination with view and edit of common display transactions, view data tables, outbound deliveries and sales maintenance.",222,DEPLOYER
Plan & Manage Business,FI00,Planning,PLAN,CLX_F2S NETWORK PLANNING DISPLAY,PSO: Ensure Supply: F2S CLX Network Supply Planner display only functionality.,Plan & Manage Business-Planning-CLX_F2S NETWORK PLANNING DISPLAY-PSO: Ensure Supply: F2S CLX Network Supply Planner display only functionality.,143,F2S NETWORK PLANNING DISPLAY
Plan & Manage Business,FI00,Planning,PLAN,CLX_F2S NETWORK PLANNING SUPPLY,"PSO: Ensure Supply: F2S Corp. CLX Network Supply Planner with the ability to view all common display transactions and reports for inventory, material management, goods movements, goods receipt processing, local plant MD maintenance, capacity planning, planned order conversion and maintenance, routing maintenance, PO requisitioning and maintenance, VMI deployment, shipment and outbound delivery maintenance.","Plan & Manage Business-Planning-CLX_F2S NETWORK PLANNING SUPPLY-PSO: Ensure Supply: F2S Corp. CLX Network Supply Planner with the ability to view all common display transactions and reports for inventory, material management, goods movements, goods receipt processing, local plant MD maintenance, capacity planning, planned order conversion and maintenance, routing maintenance, PO requisitioning and maintenance, VMI deployment, shipment and outbound delivery maintenance.",473,F2S NETWORK PLANNING SUPPLY
Plan & Manage Business,FI00,Planning,PLAN,CLX_F2S PDP,"PSO: Ensure Supply: F2S corporate data planners with access to view and edit common material and MD Tcodes, manage PO's, VMI deployment, inventory of R,P, WIP and FG's.","Plan & Manage Business-Planning-CLX_F2S PDP-PSO: Ensure Supply: F2S corporate data planners with access to view and edit common material and MD Tcodes, manage PO's, VMI deployment, inventory of R,P, WIP and FG's.",212,F2S PDP
Plan & Manage Business,FI00,Planning,PLAN,CLX_F2S PLANNING COE,"PSO: Ensure Supply: F2S- Corporate support for viewing and editing common display transactions related to materials, production planning, procurement, quality, VMI, AP and MD.","Plan & Manage Business-Planning-CLX_F2S PLANNING COE-PSO: Ensure Supply: F2S- Corporate support for viewing and editing common display transactions related to materials, production planning, procurement, quality, VMI, AP and MD.",228,F2S PLANNING COE
Order to Cash,SD00,Plant Shipping,SHIP,CLX_PLANT SHIPPING,"PSO: Ensure Supply: Plant Material Handler with view and edit access to transaction sofr Materials, PM, Purchasing, WM, Inventory, Sales, Goods issue, movements and receipt processing, transfer postings, capacity planning, planned orders, Shipping Maintenance and Sales AOP loading.","Order to Cash-Plant Shipping-CLX_PLANT SHIPPING-PSO: Ensure Supply: Plant Material Handler with view and edit access to transaction sofr Materials, PM, Purchasing, WM, Inventory, Sales, Goods issue, movements and receipt processing, transfer postings, capacity planning, planned orders, Shipping Maintenance and Sales AOP loading.",330,PLANT SHIPPING
Plan and Manage Business,FI00,PPD,PPD0,CLX_PPD ANALYST,"Create/Copy Planning for PPD Cost Centers, create and post journal entries and display SAP report","Plan and Manage Business-PPD-CLX_PPD ANALYST-Create/Copy Planning for PPD Cost Centers, create and post journal entries and display SAP report",142,PPD ANALYST
Plan and Manage Business,FI00,PPD,PPD0,CLX_PPD FINANCE MANAGER,"Create/Copy Planning for PPD Cost Centers, create and post journal entries and display SAP report","Plan and Manage Business-PPD-CLX_PPD FINANCE MANAGER-Create/Copy Planning for PPD Cost Centers, create and post journal entries and display SAP report",150,PPD FINANCE MANAGER
Plan & Manage Business,FI00,PPD,PPD0,CLX_PPD_DISPLAY ROLE,Pending,Plan & Manage Business-PPD-CLX_PPD_DISPLAY ROLE-Pending,55,PPD
Plan & Manage Business,FI00,PPD,PPD0,CLX_PPD_WRITE ROLE,Pending,Plan & Manage Business-PPD-CLX_PPD_WRITE ROLE-Pending,53,PPD
Procure to Pay,PR00,Procure to Pay,PR00,CLX_P2P CO-PACK PROCESSING SPECIALIST,Pending,Procure to Pay-Procure to Pay-CLX_P2P CO-PACK PROCESSING SPECIALIST-Pending,75,P2P CO-PACK PROCESSING SPECIALIST
Plan & Manage Business,FI00,R&D,R&D0,CLX_R&D MILL TAX,Pending,Plan & Manage Business-R&D-CLX_R&D MILL TAX-Pending,51,R&D MILL TAX
Plan & Manage Business,FI00,R&D,R&D0,CLX_R&D SCIENTIST DISPLAY,Pending,Plan & Manage Business-R&D-CLX_R&D SCIENTIST DISPLAY-Pending,60,R&D SCIENTIST DISPLAY
Plan & Manage Business,FI00,Sales,SALE,CLX_ACOSTA DEDUCTION SPECIALIST,Pending,Plan & Manage Business-Sales-CLX_ACOSTA DEDUCTION SPECIALIST-Pending,68,ACOSTA DEDUCTION SPECIALIST
Plan & Manage Business,FI00,Sales,SALE,CLX_FIELD SALES-ANALYST COORDINATOR,Pending,Plan & Manage Business-Sales-CLX_FIELD SALES-ANALYST COORDINATOR-Pending,72,FIELD SALES-ANALYST COORDINATOR
Plan & Manage Business,FI00,Sales,SALE,CLX_FIELD SALES-MANAGER,Pending,Plan & Manage Business-Sales-CLX_FIELD SALES-MANAGER-Pending,60,FIELD SALES-MANAGER
Plan & Manage Business,FI00,Sales,SALE,CLX_SALES DISPLAYER,Pending,Plan & Manage Business-Sales-CLX_SALES DISPLAYER-Pending,56,SALES DISPLAYER
Plan & Manage Business,FI00,Sales,SALE,CLX_SALES PLANNING-ANALYST COORD,Pending,Plan & Manage Business-Sales-CLX_SALES PLANNING-ANALYST COORD-Pending,69,SALES PLANNING-ANALYST COORD
Plan & Manage Business,FI00,Sales,SALE,CLX_SALES TECH OPS-ANALYST,Pending,Plan & Manage Business-Sales-CLX_SALES TECH OPS-ANALYST-Pending,63,SALES TECH OPS-ANALYST
Plan & Manage Business,FI00,Sales,SALE,CLX_TELMARK ORDER MGMT SPECIALIST,Pending,Plan & Manage Business-Sales-CLX_TELMARK ORDER MGMT SPECIALIST-Pending,70,TELMARK ORDER MGMT SPECIALIST
Plan & Manage Business,FI00,Sales,SALE,CLX_TRADE OPS - ANALYSTS,Pending,Plan & Manage Business-Sales-CLX_TRADE OPS - ANALYSTS-Pending,61,TRADE OPS - ANALYSTS
Plan & Manage Business,FI00,Sales,SALE,CLX_UNSALEABLES OPS-ANALYST,Pending,Plan & Manage Business-Sales-CLX_UNSALEABLES OPS-ANALYST-Pending,64,UNSALEABLES OPS-ANALYST
Plan & Manage Business,FI00,Sales,SALE,CLX_WBS ORDER MANAGEMENT SPECIALIST,Pending,Plan & Manage Business-Sales-CLX_WBS ORDER MANAGEMENT SPECIALIST-Pending,72,WBS ORDER MANAGEMENT SPECIALIST
Plan & Manage Business,FI00,Sales,SALE,CLX_WBS ORDER TRADE MGMT SPECIALIST,Pending,Plan & Manage Business-Sales-CLX_WBS ORDER TRADE MGMT SPECIALIST-Pending,72,WBS ORDER TRADE MGMT SPECIALIST
Plan and Manage Business,FI00,Sales Finance,SAFI,CLX_SALES FINANCE ANALYST,Display various sales finance SAP reports ,Plan and Manage Business-Sales Finance-CLX_SALES FINANCE ANALYST-Display various sales finance SAP reports ,107,SALES FINANCE ANALYST
Plan and Manage Business,FI00,Tax,TAX0,CLX_LER TAX ANALYST,"Handle LER Tax GL accounts including create, change, post journal entries, execute month end jobs and run GL analysis reports","Plan and Manage Business-Tax-CLX_LER TAX ANALYST-Handle LER Tax GL accounts including create, change, post journal entries, execute month end jobs and run GL analysis reports",174,LER TAX ANALYST
Plan and Manage Business,FI00,Tax,TAX0,CLX_LER TAX MANAGER,"Manage LER Tax GL accounts including maintain cost center, execute data query and display SAP reports","Plan and Manage Business-Tax-CLX_LER TAX MANAGER-Manage LER Tax GL accounts including maintain cost center, execute data query and display SAP reports",150,LER TAX MANAGER
Plan and Manage Business,FI00,Tax,TAX0,CLX_TAX ADMINISTRATOR,Have access to tax and finance display SAP reports,Plan and Manage Business-Tax-CLX_TAX ADMINISTRATOR-Have access to tax and finance display SAP reports,101,TAX ADMINISTRATOR
Plan and Manage Business,FI00,Tax,TAX0,CLX_TAX ANALYST,"Handle Corp Tax GL accounts including create, change, post journal entries, and display SAP reports","Plan and Manage Business-Tax-CLX_TAX ANALYST-Handle Corp Tax GL accounts including create, change, post journal entries, and display SAP reports",144,TAX ANALYST
Plan and Manage Business,FI00,Tax,TAX0,CLX_TAX MANAGER,"Manage Corp Tax GL accounts including maintain cost center master data, post journal entries,  execute data query and display SAP reports","Plan and Manage Business-Tax-CLX_TAX MANAGER-Manage Corp Tax GL accounts including maintain cost center master data, post journal entries,  execute data query and display SAP reports",182,TAX MANAGER
Order to Cash,SD00,Transportation,TRAN,CLX_O2C TRANS SERVICES GROUP,"PSO: Ensure Supply: O2C: Transportation Services Group Specialist-transactions related to Sales common display and order maintenance, shipping maint, outbound delivery and shipping maintenance, fucntional support, Warehouse mgmt common display, PM common display, Material Mgmt. common display, Inventory common display, production planning common display, purchasing common display, VMI deployment display, AR common display, pricing condition maint, and BSM support.","Order to Cash-Transportation-CLX_O2C TRANS SERVICES GROUP-PSO: Ensure Supply: O2C: Transportation Services Group Specialist-transactions related to Sales common display and order maintenance, shipping maint, outbound delivery and shipping maintenance, fucntional support, Warehouse mgmt common display, PM common display, Material Mgmt. common display, Inventory common display, production planning common display, purchasing common display, VMI deployment display, AR common display, pricing condition maint, and BSM support.",526,O2C TRANS SERVICES GROUP
Plan and Manage Business,FI00,Treasury,TREA,CLX_TREASURY MANAGER,Manage Treasury GL accounts including maintain FOREX master data and display SAP reports,Plan and Manage Business-Treasury-CLX_TREASURY MANAGER-Manage Treasury GL accounts including maintain FOREX master data and display SAP reports,143,TREASURY MANAGER
